APP,VSZ(GB),RSS(GB)
631,0.01,0.00
631,6.73,1.90
631,6.73,3.68
631,6.73,5.41
631,6.73,6.72
631,6.73,6.72
631,6.73,6.72
631,6.73,6.72
631,6.73,6.72
631,6.73,6.72
631,6.73,6.72
631,6.73,6.72
631,6.73,6.72
631,6.73,6.72
631,6.73,6.72
631,6.73,6.72
631,6.73,6.72
631,6.73,6.72
631,6.73,6.72
631,6.73,6.72
631,6.73,6.72
631,6.73,6.72
631,6.73,6.72
631,6.73,6.72
631,6.73,6.72
631,6.73,6.72
631,6.73,6.72
631,6.73,6.72
631,6.73,6.72
631,6.73,6.72
631,6.73,6.72
631,6.73,6.72
631,6.73,6.72
631,6.73,6.72
631,6.73,6.72
631,6.73,6.72
631,6.73,6.72
631,6.73,6.72
631,6.73,6.72
631,6.73,6.72
631,6.73,6.72
631,6.73,6.72
631,6.73,6.72
631,6.73,6.72
631,6.73,6.72
631,6.73,6.72
631,6.73,6.72
631,6.73,6.72
631,6.73,6.72
631,6.73,6.72
631,6.73,6.72
631,6.73,6.72
631,6.73,6.72
631,6.73,6.72
631,6.73,6.72
631,6.73,6.72
631,6.73,6.72
631,6.73,6.72
631,6.73,6.72
631,6.73,6.72
631,6.73,6.72
631,6.73,6.72
631,6.73,6.72
631,6.73,6.72
631,6.73,6.72
631,6.73,6.72
631,6.73,6.72
631,6.73,6.72
631,6.73,6.72
631,6.73,6.72
631,6.73,6.72
631,6.73,6.72
631,6.73,6.72
631,6.73,6.72
631,6.73,6.72
631,6.73,6.72
631,6.73,6.72
631,6.73,6.72
631,6.73,6.72
631,6.73,6.72
631,6.73,6.72
631,6.73,6.72
631,6.73,6.72
631,6.73,6.72
631,6.73,6.72
631,6.73,6.72
631,6.73,6.72
631,6.73,6.72
631,6.73,6.72
631,6.73,6.72
631,6.73,6.72
631,6.73,6.72
631,6.73,6.72
631,6.73,6.72
631,6.73,6.72
631,6.73,6.72
631,6.73,6.72
631,6.73,6.72
631,6.73,6.72
631,6.73,6.72
631,6.73,6.72
631,6.73,6.72
631,6.73,6.72
631,6.73,6.72
631,6.73,6.72
631,6.73,6.72
631,6.73,6.72
631,6.73,6.72
631,6.73,6.72
631,6.73,6.72
631,6.73,6.72
631,6.73,6.72
631,6.73,6.72
631,6.73,6.72
631,6.73,6.72
631,6.73,6.72
631,6.73,6.72
631,6.73,6.72
631,6.73,6.72
631,6.73,6.72
631,6.73,6.72
631,6.73,6.72
631,6.73,6.72
631,6.73,6.72
631,6.73,6.72
631,6.73,6.72
631,6.73,6.72
631,6.73,6.72
631,6.73,6.72
631,6.73,6.72
631,6.73,6.72
631,6.73,6.72
631,6.73,6.72
631,6.73,6.72
631,6.73,6.72
631,6.73,6.72
631,6.73,6.72
631,6.73,6.72
631,6.73,6.72
631,6.73,6.72
631,6.73,6.72
631,6.73,6.72
631,6.73,6.72
631,6.73,6.72
631,6.73,6.72
631,6.73,6.72
631,6.73,6.72
631,6.73,6.72
631,6.73,6.72
631,6.73,6.72
631,6.73,6.72
631,6.73,6.72
631,6.73,6.72
631,6.73,6.72
631,6.73,6.72
631,6.73,6.72
631,6.73,6.72
631,6.73,6.72
631,6.73,6.72
631,6.73,6.72
631,6.73,6.72
631,6.73,6.72
631,6.73,6.72
631,6.73,6.72
631,6.73,6.72
631,6.73,6.72
631,6.73,6.72
631,6.73,6.72
631,6.73,6.72
631,6.73,6.72
631,6.73,6.72
631,6.73,6.72
631,6.73,6.72
631,6.73,6.72
631,6.73,6.72
631,6.73,6.72
631,6.73,6.72
631,6.73,6.72
631,6.73,6.72
631,6.73,6.72
631,6.73,6.72
631,6.73,6.72
631,6.73,6.72
631,6.73,6.72
631,6.73,6.72
631,6.73,6.72
631,6.73,6.72
631,6.73,6.72
631,6.73,6.72
631,6.73,6.72
631,6.73,6.72
631,6.73,6.72
631,6.73,6.72
631,6.73,6.72
631,6.73,6.72
631,6.73,6.72
631,6.73,6.72
631,6.73,6.72
631,6.73,6.72
631,6.73,6.72
631,6.73,6.72
631,6.73,6.72
631,6.73,6.72
631,6.73,6.72
631,6.73,6.72
631,6.73,6.72
631,6.73,6.72
631,6.73,6.72
631,6.73,6.72
631,6.73,6.72
631,6.73,6.72
631,6.73,6.72
631,6.73,6.72
631,6.73,6.72
631,6.73,6.72
631,6.73,6.72
631,6.73,6.72
631,6.73,6.72
631,6.73,6.72
631,6.73,6.72
631,6.73,6.72
631,6.73,6.72
631,6.73,6.72
631,6.73,6.72
631,6.73,6.72
631,6.73,6.72
631,6.73,6.72
631,6.73,6.72
631,6.73,6.72
631,6.73,6.72
631,6.73,6.72
631,6.73,6.72
631,6.73,6.72
631,6.73,6.72
631,6.73,6.72
631,6.73,6.72
631,6.73,6.72
631,6.73,6.72
631,6.73,6.72
631,6.73,6.72
631,6.73,6.72
631,6.73,6.72
631,6.73,6.72
631,6.73,6.72
631,6.73,6.72
631,6.73,6.72
631,6.73,6.72
631,6.73,6.72
631,6.73,6.72
631,6.73,6.72
631,6.73,6.72
631,6.73,6.72
631,6.73,6.72
631,6.73,6.72
631,6.73,6.72
631,6.73,6.72
631,6.73,6.72
631,6.73,6.72
631,6.73,6.72
631,6.73,6.72
631,6.73,6.72
631,6.73,6.72
631,6.73,6.72
631,6.73,6.72
631,6.73,6.72
631,6.73,6.72
631,6.73,6.72
631,6.73,6.72
631,6.73,6.72
631,6.73,6.72
631,6.73,6.72
631,6.73,6.72
631,6.73,6.72
631,6.73,6.72
631,6.73,6.72
631,6.73,6.72
631,6.73,6.72
631,6.73,6.72
631,6.73,6.72
631,6.73,6.72
631,6.73,6.72
631,6.73,6.72
631,6.73,6.72
631,6.73,6.72
631,6.73,6.72
631,6.73,6.72
631,6.73,6.72
631,6.73,6.72
631,6.73,6.72
631,6.73,6.72
631,6.73,6.72
631,6.73,6.72
631,6.73,6.72
631,6.73,6.72
631,6.73,6.72
631,6.73,6.72
631,6.73,6.72
631,6.73,6.72
631,6.73,6.72
631,6.73,6.72
631,6.73,6.72
631,6.73,6.72
631,6.73,6.72
631,6.73,6.72
631,6.73,6.72
631,6.73,6.72
631,6.73,6.72
631,6.73,6.72
631,6.73,6.72
631,6.73,6.72
631,6.73,6.72
631,6.73,6.72
631,6.73,6.72
631,6.73,6.72
631,6.73,6.72
631,6.73,6.72
631,6.73,6.72
631,6.73,6.72
631,6.73,6.72
631,6.73,6.72
631,6.73,6.72
631,6.73,6.72
631,6.73,6.72
631,6.73,6.72
631,6.73,6.72
631,6.73,6.72
631,6.73,6.72
631,6.73,6.72
631,6.73,6.72
631,6.73,6.72
631,6.73,6.72
631,6.73,6.72
631,6.73,6.72
631,6.73,6.72
631,6.73,6.72
631,6.73,6.72
631,6.73,6.72
631,6.73,6.72
631,6.73,6.72
631,6.73,6.72
631,6.73,6.72
631,6.73,6.72
631,6.73,6.72
631,6.73,6.72
631,6.73,6.72
631,6.73,6.72
631,6.73,6.72
631,6.73,6.72
631,6.73,6.72
631,6.73,6.72
631,6.73,6.72
631,6.73,6.72
631,6.73,6.72
631,6.73,6.72
631,6.73,6.72
631,6.73,6.72
631,6.73,6.72
631,6.73,6.72
631,6.73,6.72
631,6.73,6.72
631,6.73,6.72
631,6.73,6.72
631,6.73,6.72
631,6.73,6.72
631,6.73,6.72
631,6.73,6.72
631,6.73,6.72
631,6.73,6.72
631,6.73,6.72
631,6.73,6.72
631,6.73,6.72
631,6.73,6.72
631,6.73,6.72
631,6.73,6.72
631,6.73,6.72
631,6.73,6.72
631,6.73,6.72
631,6.73,6.72
631,6.73,6.72
631,6.73,6.72
631,6.73,6.72
631,6.73,6.72
631,6.73,6.72
631,6.73,6.72
631,6.73,6.72
631,6.73,6.72
631,6.73,6.72
631,6.73,6.72
631,6.73,6.72
631,6.73,6.72
631,6.73,6.72
631,6.73,6.72
631,6.73,6.72
631,6.73,6.72
631,6.73,6.72
631,6.73,6.72
631,6.73,6.72
631,6.73,6.72
631,6.73,6.72
631,6.73,6.72
631,6.73,6.72
631,6.73,6.72
631,6.73,6.72
631,6.73,6.72
631,6.73,6.72
631,6.73,6.72
631,6.73,6.72
631,6.73,6.72
631,6.73,6.72
631,6.73,6.72
631,6.73,6.72
631,6.73,6.72
631,6.73,6.72
631,6.73,6.72
631,6.73,6.72
631,6.73,6.72
631,6.73,6.72
631,6.73,6.72
631,6.73,6.72
631,6.73,6.72
631,6.73,6.72
631,6.73,6.72
631,6.73,6.72
631,6.73,6.72
631,6.73,6.72
631,6.73,6.72
631,6.73,6.72
631,6.73,6.72
631,6.73,6.72
631,6.73,6.72
631,6.73,6.72
631,6.73,6.72
631,6.73,6.72
631,6.73,6.72
631,6.73,6.72
631,6.73,6.72
631,6.73,6.72
631,6.73,6.72
631,6.73,6.72
631,6.73,6.72
631,6.73,6.72
631,6.73,6.72
631,6.73,6.72
631,6.73,6.72
631,6.73,6.72
631,6.73,6.72
631,6.73,6.72
631,6.73,6.72
631,6.73,6.72
631,6.73,6.72
631,6.73,6.72
631,6.73,6.72
631,6.73,6.72
631,6.73,6.72
631,6.73,6.72
631,6.73,6.72
631,6.73,6.72
631,6.73,6.72
631,6.73,6.72
631,6.73,6.72
631,6.73,6.72
631,6.73,6.72
631,6.73,6.72
631,6.73,6.72
631,6.73,6.72
631,6.73,6.72
631,6.73,6.72
631,6.73,6.72
631,6.73,6.72
631,6.73,6.72
631,6.73,6.72
631,6.73,6.72
631,6.73,6.72
631,6.73,6.72
631,6.73,6.72
631,6.73,6.72
631,6.73,6.72
631,6.73,6.72
631,6.73,6.72
631,6.73,6.72
631,6.73,6.72
631,6.73,6.72
631,6.73,6.72
631,6.73,6.72
631,6.73,6.72
631,6.73,6.72
631,6.73,6.72
631,6.73,6.72
631,6.73,6.72
631,6.73,6.72
631,6.73,6.72
631,6.73,6.72
631,6.73,6.72
631,6.73,6.72
631,6.73,6.72
631,6.73,6.72
631,6.73,6.72
631,6.73,6.72
631,6.73,6.72
631,6.73,6.72
631,6.73,6.72
631,6.73,6.72
631,6.73,6.72
631,6.73,6.72
631,6.73,6.72
